company,type
skullca,s2ikdz010
sennheiser,omx680i
sony,xbac10
sennheiser,pmx100
sony,mel91dw
sennheiser,rr840
apple ,earpods
sony,mdrex38ip
sennheiser,ies4m
sony,mdrg45lp
sony,mdrrf912rk
sennheiser,cx685
philips,she3595pk
sony,mdrq55sl
philips,she4305rd
philips,she2641
philips,shq1300bk
sennheiser,hd660s
sennheiser,cx870
sony,sbh56
panasonic,rphje270r
philips,she3900bl
panasonic,rphs16s
sony,rf995rk
sony,whch510
sennheiser,px80
sony,mdrxd150
sennheiser,hd580
sennheiser,mx365
sennheiser,cx400
sennheiser,hd414
skullca,s2ikfz024
sennheiser,set840tv
symphon,drm
philips,she3900wt
skullca,s2cdjy358
sony,mdrxb41ex
sennheiser,cx100
sony,nwe395
philips,shn2500
sony,xbaz5
sony,mdrex37b
sony,me81
sennheiser,hd598sr
sony,mdrv150
sony,mdrx05
sennheiser,cx55
philips,she7050br
sennheiser,hd545
symphon,xtc
symphon,kids
sony,mdrxb70bt
sony,mdrzx770bt
sennheiser,hdi830
sony,zx
sony,wic200
sony,mdras800ap
sennheiser,sc165
skullca,s2ikhy483
sennheiser,hd650
sennheiser,mx80
sony,xbas65
sony,whch500
sony,rf400
sony,nwws413lm
sony,mdrzx110nc
philips,she2100bk
sennheiser,pmx686i
sony,epex10a
panasonic,rphv260a
sennheiser,set900
sony,mdrex155ap
philips,shq1305or
sony,mdrzx100w
sony,drex12ipw
sony,mdrv6
sony,wfsp700n
sennheiser,cx300s
sony,mdre827g
skullca,s5urht456
symphon,nrg
sennheiser,cx300
sony,mdrxb400ip
sony,mdrnc31emw
sennheiser,hd280
sony,mdrex32lp
sony,mdrxb50ap
sennheiser,hmec25
sony,whch700n
sony,me83v
philips,shq2300
samsung,eoeg920bw
symphon,gts
sony,mdrzx780dc
sony,mdrxb55ap
sennheiser,hd600
sennheiser,hd565
philips,shq4300ws
sennheiser,set830tv
sennheiser,cx680
panasonic,rphs46ew
skullca,s2dudz058
sony,xbac10ip
sony,mdrex15lpblack
sony,mdras600bt
sony,mdrex300lp
sony,mdrzx310
sony,mdrxb70ap
sennheiser,mx375
sennheiser,hmd25
philips,shb7000
skullca,s3fxdm209
philips,shq3200bk
sony,wi1000x
sony,ierm7
sony,xba300ap
sennheiser,hme25
symphon,twr
sennheiser,pmx684i
sony,mdrnx1
sennheiser,set830
philips,she7000bk
sony,mdrex57lp
sony,ierz1r
panasonic,rphje125er
sony,me84h
sony,drxb23vp
panasonic,rphje120k
sony,wf1000xm3
sennheiser,hd265
sony,mdrzx330bt
sony,mdr1am2
panasonic,rphje165ap
sennheiser,hd800
philips,shq1400
panasonic,rpbts10r
sony,mexn5300bt
sony,mdrj10
sennheiser,cx500
skullca,s2dudz023
sony,xb950n1
sony,wic300
panasonic,rphje123p1z
sony,mdras40ex
skullca,s2fxdm008
sony,mdrne2
sony,wic310
symphon,glxy
philips,shl1000
sony,mdrex10lp
sony,mdrxb510as
panasonic,rphje100v
sony,mdrhw300k
philips,shs3200bk
sony,wic600n
symphon,aln
sony,mdrex15ap
sennheiser,ew112p
sennheiser,ew100g4
symphon,drv
skullca,s2dudz072
sony,mdrex55
sony,mdrrspkg
sony,wh1000xm3
philips,she3900gn
philips,jly8919
sony,mdrnx1a
symphon,nxt
sony,mdrex750bt
sony,mdrzx110ap
philips,hn060
sony,sp600n
panasonic,rf2400d
samsung,ehs61asfwec
sony,whxb900n
sony,mdrex110ap
sony,mdre818lp
panasonic,rphx350w
sennheiser,cx200
sony,mdras410ap
philips,she9105
philips,she3595bl
skullca,s6spcz069
sony,l600
sennheiser,ewiemg4
sony,mdrq68lw
sony,me83
sony,xbanc85d
sony,mdr7506
sony,mdrw014
sennheiser,hd820
skullca,s2fffm256
sennheiser,hd598
sony,sp700n
sennheiser,px100
sennheiser,cx
sennheiser,hd212
symphon,pro
skullca,s5urfz101
sennheiser,cx280
philips,shb5250bl
sony,mdrxb950bt
sony,mdrxb80bs
sony,whxb700
philips,shq2300lf
panasonic,rpdjs400w
panasonic,rphv41a
sony,mdre828lp
sony,mdre10lp
sony,mdre727
sony,srfs84
panasonic,xbsrpht21
sennheiser,ri900
sennheiser,cx300p
sony,ierm9
sony,mdrex85lp
sony,mdrv300
skullca,scs2rfgy436
sony,wisp600n
panasonic,rphje125v
sennheiser,ocx684i
sennheiser,ie80
sony,mdrex100ap
sony,ecmtl3
sennheiser,cx680i
panasonic,rphs46k
sony,wisp500
sennheiser,cx215
sony,dvpfx950
philips,shl3160bk
sennheiser,rs4200
sennheiser,hd1
sony,mdrex450w
sony,mdrex450ap
sennheiser,is410
panasonic,rphje120
sony,mdrw08l
sony,mhex300ap
philips,shq1200
samsung,ehs64avfwe
skullca,s5urdz217
sony,wh1000xm2
philips,she3590pp
skullca,s2ikhy459
sony,mdras200
sony,xb950b1
sennheiser,ie400pro
sennheiser,ie500pro
sony,sbh54
panasonic,rpnj300bew
skullca,s2hldy121
sony,mdrzx110
sony,icfp26
sony,mdrex56lp
skullca,s2fxdm213
philips,she3590lb
sennheiser,set840
sony,mdrex81lp
sony,mdras210ap
sony,mdrex300
sony,mdr101lp
symphon,mtrx
sennheiser,cx1.00
symphon,pwr
samsung,"eoeg920bw,"
sony,mdrpq5
samsung,eoig955
philips,she8105bl
sony,mdras210
sennheiser,cx880
sony,wixb400
sennheiser,hd25
sennheiser,cx475
sennheiser,hd200pro
skullca,s2fffm075
sennheiser,ri830
panasonic,rphv21ga
sony,mh1c
sony,mdre9lp
sennheiser,hd6xx
sennheiser,cx500g4me
philips,shs3201
sony,mdrxb650bt
symphon,mtl
philips,she3590bk
panasonic,rphv41d
sony,mdrex25lp
sennheiser,hd535
sennheiser,mx680
sennheiser,hd429
philips,she3905bk
sony,drex14vp
philips,she7050pp
sony,wic400
samsung,eoeg900bb
