,company,type,Unnamed: 2,Unnamed: 3,Unnamed: 4,Unnamed: 5,Unnamed: 6,Unnamed: 7,Unnamed: 8,Unnamed: 9,Unnamed: 10,Unnamed: 11,Unnamed: 12,Unnamed: 13,Unnamed: 14,Unnamed: 15,Unnamed: 16,Unnamed: 17,Unnamed: 18,Unnamed: 19,Unnamed: 20,Unnamed: 21,Unnamed: 22,Unnamed: 23,Unnamed: 24,Unnamed: 25,Unnamed: 26,Unnamed: 27,Unnamed: 28,Unnamed: 29,Unnamed: 30,Unnamed: 31,Unnamed: 32,Unnamed: 33,Unnamed: 34,Unnamed: 35
0,apple ,EarPods,,,,,,,,,,,,,,,,,,,,,,,,,,,,,,,,,,
1,panasonic,RP-HJE120-K,,,,,,,,,,,,,,,,,,,,,,,,,,,,,,,,,,
2,panasonic,RP-HJE125-V,,,,,,,,,,,,,,,,,,,,,,,,,,,,,,,,,,
3,panasonic,XBS RP-HT21,,,,,,,,,,,,,,,,,,,,,,,,,,,,,,,,,,
4,panasonic,RPHJE123P1Z,,,,,,,,,,,,,,,,,,,,,,,,,,,,,,,,,,
5,panasonic,RP-HJE120,,,,,,,,,,,,,,,,,,,,,,,,,,,,,,,,,,
6,panasonic,RP-HJE125E-R,,,,,,,,,,,,,,,,,,,,,,,,,,,,,,,,,,
7,panasonic,RPHS46EW,,,,,,,,,,,,,,,,,,,,,,,,,,,,,,,,,,
8,panasonic,RPNJ300BEW,,,,,,,,,,,,,,,,,,,,,,,,,,,,,,,,,,
9,panasonic,RP-HV41-D,,,,,,,,,,,,,,,,,,,,,,,,,,,,,,,,,,
10,panasonic,RP-HV41-A ,,,,,,,,,,,,,,,,,,,,,,,,,,,,,,,,,,
11,panasonic,RP-HS16-S,,,,,,,,,,,,,,,,,,,,,,,,,,,,,,,,,,
12,panasonic,RF-2400D,,,,,,,,,,,,,,,,,,,,,,,,,,,,,,,,,,
13,panasonic,RP-BTS10-R,,,,,,,,,,,,,,,,,,,,,,,,,,,,,,,,,,
14,panasonic,RP-HS46-K,,,,,,,,,,,,,,,,,,,,,,,,,,,,,,,,,,
15,panasonic,RP-HJE165-AP,,,,,,,,,,,,,,,,,,,,,,,,,,,,,,,,,,
16,panasonic,RPDJS400W,,,,,,,,,,,,,,,,,,,,,,,,,,,,,,,,,,
17,panasonic,RP-HJE100-V,,,,,,,,,,,,,,,,,,,,,,,,,,,,,,,,,,
18,panasonic,RPHV21GA,,,,,,,,,,,,,,,,,,,,,,,,,,,,,,,,,,
19,panasonic,RP-HJE165-AP,,,,,,,,,,,,,,,,,,,,,,,,,,,,,,,,,,
20,panasonic,RP-HJE165-AP,,,,,,,,,,,,,,,,,,,,,,,,,,,,,,,,,,
21,panasonic,Rp-hv260-a,,,,,,,,,,,,,,,,,,,,,,,,,,,,,,,,,,
22,panasonic,RP-HJE165-AP,,,,,,,,,,,,,,,,,,,,,,,,,,,,,,,,,,
23,panasonic,RP-HJE270-R,,,,,,,,,,,,,,,,,,,,,,,,,,,,,,,,,,
24,panasonic,RP-HJE165-AP,,,,,,,,,,,,,,,,,,,,,,,,,,,,,,,,,,
25,panasonic,RP-HJE165-AP,,,,,,,,,,,,,,,,,,,,,,,,,,,,,,,,,,
26,panasonic,Rp-hx350-w,,,,,,,,,,,,,,,,,,,,,,,,,,,,,,,,,,
27,panasonic,RP-HJE165-AP,,,,,,,,,,,,,,,,,,,,,,,,,,,,,,,,,,
28,samsung,EHS61ASFWEC,,,,,,,,,,,,,,,,,,,,,,,,,,,,,,,,,,
29,samsung,EHS64AVFWE,,,,,,,,,,,,,,,,,,,,,,,,,,,,,,,,,,
30,samsung,Eo-Eg920Bw,,,,,,,,,,,,,,,,,,,,,,,,,,,,,,,,,,
31,samsung,EO-IG955,,,,,,,,,,,,,,,,,,,,,,,,,,,,,,,,,,
32,samsung,"EO-EG920BW,",,,,,,,,,,,,,,,,,,,,,,,,,,,,,,,,,,
33,samsung,EO-EG900BB,,,,,,,,,,,,,,,,,,,,,,,,,,,,,,,,,,
34,skullca,S2IKDZ-010,,,,,,,,,,,,,,,,,,,,,,,,,,,,,,,,,,
35,skullca,S2FFFM-075,,,,,,,,,,,,,,,,,,,,,,,,,,,,,,,,,,
36,skullca,S2DUDZ-072,,,,,,,,,,,,,,,,,,,,,,,,,,,,,,,,,,
37,skullca,S2DUDZ023,,,,,,,,,,,,,,,,,,,,,,,,,,,,,,,,,,
38,skullca,S2FFFM256,,,,,,,,,,,,,,,,,,,,,,,,,,,,,,,,,,
39,skullca,S2IKFZ-024,,,,,,,,,,,,,,,,,,,,,,,,,,,,,,,,,,
40,skullca,S2DUDZ058,,,,,,,,,,,,,,,,,,,,,,,,,,,,,,,,,,
41,skullca,S5URFZ-101,,,,,,,,,,,,,,,,,,,,,,,,,,,,,,,,,,
42,skullca,S3FXDM209,,,,,,,,,,,,,,,,,,,,,,,,,,,,,,,,,,
43,skullca,S2IKHY-459,,,,,,,,,,,,,,,,,,,,,,,,,,,,,,,,,,
44,skullca,S2FXDM213,,,,,,,,,,,,,,,,,,,,,,,,,,,,,,,,,,
45,skullca,S2CDJY-358,,,,,,,,,,,,,,,,,,,,,,,,,,,,,,,,,,
46,skullca,S2IKHY-483,,,,,,,,,,,,,,,,,,,,,,,,,,,,,,,,,,
47,skullca,S5URHT456,,,,,,,,,,,,,,,,,,,,,,,,,,,,,,,,,,
48,skullca,S2FXDM008,,,,,,,,,,,,,,,,,,,,,,,,,,,,,,,,,,
49,skullca,S5URDZ-217,,,,,,,,,,,,,,,,,,,,,,,,,,,,,,,,,,
50,skullca,SCS2RFGY-436,,,,,,,,,,,,,,,,,,,,,,,,,,,,,,,,,,
51,skullca,S6SPCZ069,,,,,,,,,,,,,,,,,,,,,,,,,,,,,,,,,,
52,skullca,S2HLDY-121,,,,,,,,,,,,,,,,,,,,,,,,,,,,,,,,,,
53,symphon,NRG,,,,,,,,,,,,,,,,,,,,,,,,,,,,,,,,,,
54,symphon,NRG,,,,,,,,,,,,,,,,,,,,,,,,,,,,,,,,,,
55,symphon,NRG,,,,,,,,,,,,,,,,,,,,,,,,,,,,,,,,,,
56,symphon,NRG,,,,,,,,,,,,,,,,,,,,,,,,,,,,,,,,,,
57,symphon,DRV,,,,,,,,,,,,,,,,,,,,,,,,,,,,,,,,,,
58,symphon,Kids,,,,,,,,,,,,,,,,,,,,,,,,,,,,,,,,,,
59,symphon,ALN,,,,,,,,,,,,,,,,,,,,,,,,,,,,,,,,,,
60,symphon,MTL,,,,,,,,,,,,,,,,,,,,,,,,,,,,,,,,,,
61,symphon,GTS,,,,,,,,,,,,,,,,,,,,,,,,,,,,,,,,,,
62,symphon,NRG,,,,,,,,,,,,,,,,,,,,,,,,,,,,,,,,,,
63,symphon,DRV,,,,,,,,,,,,,,,,,,,,,,,,,,,,,,,,,,
64,symphon,GLXY,,,,,,,,,,,,,,,,,,,,,,,,,,,,,,,,,,
65,symphon,PRO,,,,,,,,,,,,,,,,,,,,,,,,,,,,,,,,,,
66,symphon,NRG,,,,,,,,,,,,,,,,,,,,,,,,,,,,,,,,,,
67,symphon,PWR,,,,,,,,,,,,,,,,,,,,,,,,,,,,,,,,,,
68,symphon,TWR,,,,,,,,,,,,,,,,,,,,,,,,,,,,,,,,,,
69,symphon,XTC,,,,,,,,,,,,,,,,,,,,,,,,,,,,,,,,,,
70,symphon,ALN,,,,,,,,,,,,,,,,,,,,,,,,,,,,,,,,,,
71,symphon,XTC,,,,,,,,,,,,,,,,,,,,,,,,,,,,,,,,,,
72,symphon,MTRX,,,,,,,,,,,,,,,,,,,,,,,,,,,,,,,,,,
73,symphon,NRG,,,,,,,,,,,,,,,,,,,,,,,,,,,,,,,,,,
74,symphon,Kids,,,,,,,,,,,,,,,,,,,,,,,,,,,,,,,,,,
75,symphon,NRG,,,,,,,,,,,,,,,,,,,,,,,,,,,,,,,,,,
76,symphon,NRG,,,,,,,,,,,,,,,,,,,,,,,,,,,,,,,,,,
77,symphon,GLXY,,,,,,,,,,,,,,,,,,,,,,,,,,,,,,,,,,
78,symphon,DRM,,,,,,,,,,,,,,,,,,,,,,,,,,,,,,,,,,
79,symphon,MTL,,,,,,,,,,,,,,,,,,,,,,,,,,,,,,,,,,
80,symphon,MTRX,,,,,,,,,,,,,,,,,,,,,,,,,,,,,,,,,,
81,symphon,NRG,,,,,,,,,,,,,,,,,,,,,,,,,,,,,,,,,,
82,symphon,PWR,,,,,,,,,,,,,,,,,,,,,,,,,,,,,,,,,,
83,symphon,NXT,,,,,,,,,,,,,,,,,,,,,,,,,,,,,,,,,,
84,symphon,DRM,,,,,,,,,,,,,,,,,,,,,,,,,,,,,,,,,,
85,symphon,MTL,,,,,,,,,,,,,,,,,,,,,,,,,,,,,,,,,,
86,symphon,NXT,,,,,,,,,,,,,,,,,,,,,,,,,,,,,,,,,,
87,symphon,NRG,,,,,,,,,,,,,,,,,,,,,,,,,,,,,,,,,,
88,symphon,DRM,,,,,,,,,,,,,,,,,,,,,,,,,,,,,,,,,,
89,symphon,ALN,,,,,,,,,,,,,,,,,,,,,,,,,,,,,,,,,,
90,philips,SHS3200BK,,,,,,,,,,,,,,,,,,,,,,,,,,,,,,,,,,
91,philips,SHQ4300WS,,,,,,,,,,,,,,,,,,,,,,,,,,,,,,,,,,
92,philips,SHE3590BK,,,,,,,,,,,,,,,,,,,,,,,,,,,,,,,,,,
93,philips,SHQ1200,,,,,,,,,,,,,,,,,,,,,,,,,,,,,,,,,,
94,philips,SHS3200BK,,,,,,,,,,,,,,,,,,,,,,,,,,,,,,,,,,
95,philips,SHQ3200BK,,,,,,,,,,,,,,,,,,,,,,,,,,,,,,,,,,
96,philips,SHE3905BK,,,,,,,,,,,,,,,,,,,,,,,,,,,,,,,,,,
97,philips,She3590lb,,,,,,,,,,,,,,,,,,,,,,,,,,,,,,,,,,
98,philips,SHQ2300LF,,,,,,,,,,,,,,,,,,,,,,,,,,,,,,,,,,
99,philips,SHE2100BK,,,,,,,,,,,,,,,,,,,,,,,,,,,,,,,,,,
100,philips,Shs3201,,,,,,,,,,,,,,,,,,,,,,,,,,,,,,,,,,
101,philips,SHE2641,,,,,,,,,,,,,,,,,,,,,,,,,Binaural,-,Open,-,3.94,Ft,Cable,,,
102,philips,SHQ1400,,,,,,,,,,,,,,,,,,,,,,,,,-,Binaural,-,in-Ear,-,Noise,Reduction,Microphone,-,White
103,philips,SHE9105,,,,,,,,,,,,,,,,,,,,,,,,,,,,,,,,,,
104,philips,SHB5250BL,,,,,,,,,,,,,,,,,,,,,,,,,,,,,,,,,,
105,philips,SHE3590PP,,,,,,,,,,,,,,,,,,,,,,,,,,,,,,,,,,
106,philips,She3900bl,,,,,,,,,,,,,,,,,,,,,,,,,,,,,,,,,,
107,philips,SHL3160BK,,,,,,,,,,,,,,,,,,,,,,,,,,,,,,,,,,
108,philips,SHN2500,,,,,,,,,,,,,,,,,,,,,,,,,,,,,,,,,,
109,philips,SHE3595BL,,,,,,,,,,,,,,,,,,,,,,,,,,,,,,,,,,
110,philips,SHQ1305OR,,,,,,,,,,,,,,,,,,,,,,,,,,,,,,,,,,
111,philips,SHE4305RD,,,,,,,,,,,,,,,,,,,,,,,,,,,,,,,,,,
112,philips,SHQ2300,,,,,,,,,,,,,,,,,,,,,,,,,,,,,,,,,,
113,philips,She3900gn,,,,,,,,,,,,,,,,,,,,,,,,,,,,,,,,,,
114,philips,SHE7050PP,,,,,,,,,,,,,,,,,,,,,,,,,,,,,,,,,,
115,philips,SHE7000BK,,,,,,,,,,,,,,,,,,,,,,,,,,,,,,,,,,
116,philips,She3900wt,,,,,,,,,,,,,,,,,,,,,,,,,,,,,,,,,,
117,philips,SHE8105BL,,,,,,,,,,,,,,,,,,,,,,,,,,,,,,,,,,
118,philips,HN060,,,,,,,,,,,,,,,,,,,,,,,,,Powerful,Bass,by,Philips,,,,,,
119,philips,JLY-8919,,,,,,,,,,,,,,,,,,,,,,,,,,,,,,,,,,
120,philips,SHE3595PK,,,,,,,,,,,,,,,,,,,,,,,,,,,,,,,,,,
121,philips,SHL1000,,,,,,,,,,,,,,,,,,,,,,,,,,,,,,,,,,
122,philips,SHE7050BR,,,,,,,,,,,,,,,,,,,,,,,,,,,,,,,,,,
123,philips,SHB7000,,,,,,,,,,,,,,,,,,,,,,,,,,,,,,,,,,
124,philips,SHQ1300BK,,,,,,,,,,,,,,,,,,,,,,,,,,,,,,,,,,
125,sony,mdrv6,,,,,,,,,,,,,,,,,,,,,,,,,,,,,,,,,,
126,sony,nwe395,,,,,,,,,,,,,,,,,,,,,,,,,,,,,,,,,,
127,sony,mdrxb50ap,,,,,,,,,,,,,,,,,,,,,,,,,,,,,,,,,,
128,sennheiser,hd545,,,,,,,,,,,,,,,,,,,,,,,,,,,,,,,,,,
129,sony,xba300ap,,,,,,,,,,,,,,,,,,,,,,,,,,,,,,,,,,
130,sennheiser,hd25,,,,,,,,,,,,,,,,,,,,,,,,,,,,,,,,,,
131,sony,mdre827g,,,,,,,,,,,,,,,,,,,,,,,,,,,,,,,,,,
132,sony,me83,,,,,,,,,,,,,,,,,,,,,,,,,,,,,,,,,,
133,sony,l600,,,,,,,,,,,,,,,,,,,,,,,,,,,,,,,,,,
134,sennheiser,hd414,,,,,,,,,,,,,,,,,,,,,,,,,,,,,,,,,,
135,sony,mexn5300bt,,,,,,,,,,,,,,,,,,,,,,,,,,,,,,,,,,
136,sony,mdrex55,,,,,,,,,,,,,,,,,,,,,,,,,,,,,,,,,,
137,sennheiser,hd650,,,,,,,,,,,,,,,,,,,,,,,,,,,,,,,,,,
138,sennheiser,is410,,,,,,,,,,,,,,,,,,,,,,,,,,,,,,,,,,
139,sony,xbaz5,,,,,,,,,,,,,,,,,,,,,,,,,,,,,,,,,,
140,sony,mdre9lp,,,,,,,,,,,,,,,,,,,,,,,,,,,,,,,,,,
141,sennheiser,cx300p,,,,,,,,,,,,,,,,,,,,,,,,,,,,,,,,,,
142,sony,mdrzx780dc,,,,,,,,,,,,,,,,,,,,,,,,,,,,,,,,,,
143,sony,mdrxb950bt,,,,,,,,,,,,,,,,,,,,,,,,,,,,,,,,,,
144,sennheiser,hd535,,,,,,,,,,,,,,,,,,,,,,,,,,,,,,,,,,
145,sony,mdrex300,,,,,,,,,,,,,,,,,,,,,,,,,,,,,,,,,,
146,sony,mdre828lp,,,,,,,,,,,,,,,,,,,,,,,,,,,,,,,,,,
147,sennheiser,ocx684i,,,,,,,,,,,,,,,,,,,,,,,,,,,,,,,,,,
148,sennheiser,set840,,,,,,,,,,,,,,,,,,,,,,,,,,,,,,,,,,
149,sony,wisp500,,,,,,,,,,,,,,,,,,,,,,,,,,,,,,,,,,
150,sony,epex10a,,,,,,,,,,,,,,,,,,,,,,,,,,,,,,,,,,
151,sony,whxb900n,,,,,,,,,,,,,,,,,,,,,,,,,,,,,,,,,,
152,sennheiser,omx680i,,,,,,,,,,,,,,,,,,,,,,,,,,,,,,,,,,
153,sony,sp600n,,,,,,,,,,,,,,,,,,,,,,,,,,,,,,,,,,
154,sony,mdrrspkg,,,,,,,,,,,,,,,,,,,,,,,,,,,,,,,,,,
155,sony,mdrne2,,,,,,,,,,,,,,,,,,,,,,,,,,,,,,,,,,
156,sony,mdre818lp,,,,,,,,,,,,,,,,,,,,,,,,,,,,,,,,,,
157,sony,xb950n1,,,,,,,,,,,,,,,,,,,,,,,,,,,,,,,,,,
158,sony,drxb23vp,,,,,,,,,,,,,,,,,,,,,,,,,,,,,,,,,,
159,sennheiser,ew100g4,,,,,,,,,,,,,,,,,,,,,,,,,,,,,,,,,,
160,sennheiser,hd600,,,,,,,,,,,,,,,,,,,,,,,,,,,,,,,,,,
161,sony,mdrex450ap,,,,,,,,,,,,,,,,,,,,,,,,,,,,,,,,,,
162,sony,wixb400,,,,,,,,,,,,,,,,,,,,,,,,,,,,,,,,,,
163,sennheiser,cx300,,,,,,,,,,,,,,,,,,,,,,,,,,,,,,,,,,
164,sony,dvpfx950,,,,,,,,,,,,,,,,,,,,,,,,,,,,,,,,,,
165,sony,mdrex38ip,,,,,,,,,,,,,,,,,,,,,,,,,,,,,,,,,,
166,sony,ierm9,,,,,,,,,,,,,,,,,,,,,,,,,,,,,,,,,,
167,sennheiser,mx680,,,,,,,,,,,,,,,,,,,,,,,,,,,,,,,,,,
168,sennheiser,hd598,,,,,,,,,,,,,,,,,,,,,,,,,,,,,,,,,,
169,sennheiser,cx215,,,,,,,,,,,,,,,,,,,,,,,,,,,,,,,,,,
170,sony,nwws413lm,,,,,,,,,,,,,,,,,,,,,,,,,,,,,,,,,,
171,sony,mdrzx100w,,,,,,,,,,,,,,,,,,,,,,,,,,,,,,,,,,
172,sony,mdrxb650bt,,,,,,,,,,,,,,,,,,,,,,,,,,,,,,,,,,
173,sony,ierz1r,,,,,,,,,,,,,,,,,,,,,,,,,,,,,,,,,,
174,sony,ecmtl3,,,,,,,,,,,,,,,,,,,,,,,,,,,,,,,,,,
175,sony,wh1000xm3,,,,,,,,,,,,,,,,,,,,,,,,,,,,,,,,,,
176,sony,xbac10ip,,,,,,,,,,,,,,,,,,,,,,,,,,,,,,,,,,
177,sony,mdras200,,,,,,,,,,,,,,,,,,,,,,,,,,,,,,,,,,
178,sennheiser,cx1.00,,,,,,,,,,,,,,,,,,,,,,,,,,,,,,,,,,
179,sony,mdrpq5,,,,,,,,,,,,,,,,,,,,,,,,,,,,,,,,,,
180,sony,mdrnc31emw,,,,,,,,,,,,,,,,,,,,,,,,,,,,,,,,,,
181,sennheiser,cx680i,,,,,,,,,,,,,,,,,,,,,,,,,,,,,,,,,,
182,sennheiser,cx880,,,,,,,,,,,,,,,,,,,,,,,,,,,,,,,,,,
183,sennheiser,hd280,,,,,,,,,,,,,,,,,,,,,,,,,,,,,,,,,,
184,sennheiser,cx685,,,,,,,,,,,,,,,,,,,,,,,,,,,,,,,,,,
185,sennheiser,sc165,,,,,,,,,,,,,,,,,,,,,,,,,,,,,,,,,,
186,sony,wisp600n,,,,,,,,,,,,,,,,,,,,,,,,,,,,,,,,,,
187,sony,mdrxb400ip,,,,,,,,,,,,,,,,,,,,,,,,,,,,,,,,,,
188,sony,mdrex15lpblack,,,,,,,,,,,,,,,,,,,,,,,,,,,,,,,,,,
189,sony,mdrxb80bs,,,,,,,,,,,,,,,,,,,,,,,,,,,,,,,,,,
190,sony,mdrxb41ex,,,,,,,,,,,,,,,,,,,,,,,,,,,,,,,,,,
191,sony,icfp26,,,,,,,,,,,,,,,,,,,,,,,,,,,,,,,,,,
192,sennheiser,ie80,,,,,,,,,,,,,,,,,,,,,,,,,,,,,,,,,,
193,sennheiser,hd1,,,,,,,,,,,,,,,,,,,,,,,,,,,,,,,,,,
194,sony,mdr7506,,,,,,,,,,,,,,,,,,,,,,,,,,,,,,,,,,
195,sennheiser,set900,,,,,,,,,,,,,,,,,,,,,,,,,,,,,,,,,,
196,sony,whch510,,,,,,,,,,,,,,,,,,,,,,,,,,,,,,,,,,
197,sony,mdrex32lp,,,,,,,,,,,,,,,,,,,,,,,,,,,,,,,,,,
198,sony,xbas65,,,,,,,,,,,,,,,,,,,,,,,,,,,,,,,,,,
199,sony,mdrex100ap,,,,,,,,,,,,,,,,,,,,,,,,,,,,,,,,,,
200,sony,drex12ipw,,,,,,,,,,,,,,,,,,,,,,,,,,,,,,,,,,
201,sony,wi1000x,,,,,,,,,,,,,,,,,,,,,,,,,,,,,,,,,,
202,sennheiser,cx55,,,,,,,,,,,,,,,,,,,,,,,,,,,,,,,,,,
203,sony,mdrhw300k,,,,,,,,,,,,,,,,,,,,,,,,,,,,,,,,,,
204,sony,mdrg45lp,,,,,,,,,,,,,,,,,,,,,,,,,,,,,,,,,,
205,sony,mdrx05,,,,,,,,,,,,,,,,,,,,,,,,,,,,,,,,,,
206,sennheiser,cx475,,,,,,,,,,,,,,,,,,,,,,,,,,,,,,,,,,
207,sony,whxb700,,,,,,,,,,,,,,,,,,,,,,,,,,,,,,,,,,
208,sony,mdrw014,,,,,,,,,,,,,,,,,,,,,,,,,,,,,,,,,,
209,sennheiser,set830tv,,,,,,,,,,,,,,,,,,,,,,,,,,,,,,,,,,
210,sennheiser,px100,,,,,,,,,,,,,,,,,,,,,,,,,,,,,,,,,,
211,sony,mdrq55sl,,,,,,,,,,,,,,,,,,,,,,,,,,,,,,,,,,
212,sony,xbac10,,,,,,,,,,,,,,,,,,,,,,,,,,,,,,,,,,
213,sony,mdrxb510as,,,,,,,,,,,,,,,,,,,,,,,,,,,,,,,,,,
214,sony,mdrex10lp,,,,,,,,,,,,,,,,,,,,,,,,,,,,,,,,,,
215,sony,mdras210,,,,,,,,,,,,,,,,,,,,,,,,,,,,,,,,,,
216,sony,mdrex37b,,,,,,,,,,,,,,,,,,,,,,,,,,,,,,,,,,
217,sony,mel91dw,,,,,,,,,,,,,,,,,,,,,,,,,,,,,,,,,,
218,sennheiser,hmec25,,,,,,,,,,,,,,,,,,,,,,,,,,,,,,,,,,
219,sennheiser,rs4200,,,,,,,,,,,,,,,,,,,,,,,,,,,,,,,,,,
220,sony,mdrxb70bt,,,,,,,,,,,,,,,,,,,,,,,,,,,,,,,,,,
221,sony,zx,,,,,,,,,,,,,,,,,,,,,,,,,,,,,,,,,,
222,sony,wic300,,,,,,,,,,,,,,,,,,,,,,,,,,,,,,,,,,
223,sony,sp700n,,,,,,,,,,,,,,,,,,,,,,,,,,,,,,,,,,
224,sony,mdrxb55ap,,,,,,,,,,,,,,,,,,,,,,,,,,,,,,,,,,
225,sony,mdrex15ap,,,,,,,,,,,,,,,,,,,,,,,,,,,,,,,,,,
226,sony,mdrex56lp,,,,,,,,,,,,,,,,,,,,,,,,,,,,,,,,,,
227,sennheiser,ies4m,,,,,,,,,,,,,,,,,,,,,,,,,,,,,,,,,,
228,sennheiser,ewiemg4,,,,,,,,,,,,,,,,,,,,,,,,,,,,,,,,,,
229,sennheiser,mx375,,,,,,,,,,,,,,,,,,,,,,,,,,,,,,,,,,
230,sennheiser,ew112p,,,,,,,,,,,,,,,,,,,,,,,,,,,,,,,,,,
231,sony,mdrzx770bt,,,,,,,,,,,,,,,,,,,,,,,,,,,,,,,,,,
232,sennheiser,hd265,,,,,,,,,,,,,,,,,,,,,,,,,,,,,,,,,,
233,sony,mdr101lp,,,,,,,,,,,,,,,,,,,,,,,,,,,,,,,,,,
234,sony,mdrex25lp,,,,,,,,,,,,,,,,,,,,,,,,,,,,,,,,,,
235,sennheiser,cx200,,,,,,,,,,,,,,,,,,,,,,,,,,,,,,,,,,
236,sony,mdrnx1a,,,,,,,,,,,,,,,,,,,,,,,,,,,,,,,,,,
237,sony,mdre10lp,,,,,,,,,,,,,,,,,,,,,,,,,,,,,,,,,,
238,sennheiser,cx280,,,,,,,,,,,,,,,,,,,,,,,,,,,,,,,,,,
239,sony,me83v,,,,,,,,,,,,,,,,,,,,,,,,,,,,,,,,,,
240,sony,mdras210ap,,,,,,,,,,,,,,,,,,,,,,,,,,,,,,,,,,
241,sony,mdrzx110,,,,,,,,,,,,,,,,,,,,,,,,,,,,,,,,,,
242,sony,rf400,,,,,,,,,,,,,,,,,,,,,,,,,,,,,,,,,,
243,sony,rf995rk,,,,,,,,,,,,,,,,,,,,,,,,,,,,,,,,,,
244,sony,me81,,,,,,,,,,,,,,,,,,,,,,,,,,,,,,,,,,
245,sennheiser,hd429,,,,,,,,,,,,,,,,,,,,,,,,,,,,,,,,,,
246,sennheiser,px80,,,,,,,,,,,,,,,,,,,,,,,,,,,,,,,,,,
247,sennheiser,ri830,,,,,,,,,,,,,,,,,,,,,,,,,,,,,,,,,,
248,sennheiser,hd598sr,,,,,,,,,,,,,,,,,,,,,,,,,,,,,,,,,,
249,sony,mdre727,,,,,,,,,,,,,,,,,,,,,,,,,,,,,,,,,,
250,sony,mdrex155ap,,,,,,,,,,,,,,,,,,,,,,,,,,,,,,,,,,
251,sony,wic310,,,,,,,,,,,,,,,,,,,,,,,,,,,,,,,,,,
252,sony,wh1000xm2,,,,,,,,,,,,,,,,,,,,,,,,,,,,,,,,,,
253,sennheiser,mx365,,,,,,,,,,,,,,,,,,,,,,,,,,,,,,,,,,
254,sony,mdrzx110nc,,,,,,,,,,,,,,,,,,,,,,,,,,,,,,,,,,
255,sony,xbanc85d,,,,,,,,,,,,,,,,,,,,,,,,,,,,,,,,,,
256,sony,wic400,,,,,,,,,,,,,,,,,,,,,,,,,,,,,,,,,,
257,sony,mdrv150,,,,,,,,,,,,,,,,,,,,,,,,,,,,,,,,,,
258,sennheiser,ie500pro,,,,,,,,,,,,,,,,,,,,,,,,,,,,,,,,,,
259,sennheiser,hd565,,,,,,,,,,,,,,,,,,,,,,,,,,,,,,,,,,
260,sennheiser,cx500g4me,,,,,,,,,,,,,,,,,,,,,,,,,,,,,,,,,,
261,sony,mdrex85lp,,,,,,,,,,,,,,,,,,,,,,,,,,,,,,,,,,
262,sony,mdrex450w,,,,,,,,,,,,,,,,,,,,,,,,,,,,,,,,,,
263,sony,me84h,,,,,,,,,,,,,,,,,,,,,,,,,,,,,,,,,,
264,sony,mdrzx330bt,,,,,,,,,,,,,,,,,,,,,,,,,,,,,,,,,,
265,sennheiser,set840tv,,,,,,,,,,,,,,,,,,,,,,,,,,,,,,,,,,
266,sony,mdrv300,,,,,,,,,,,,,,,,,,,,,,,,,,,,,,,,,,
267,sennheiser,cx,,,,,,,,,,,,,,,,,,,,,,,,,,,,,,,,,,
268,sony,mdrex750bt,,,,,,,,,,,,,,,,,,,,,,,,,,,,,,,,,,
269,sony,mdras410ap,,,,,,,,,,,,,,,,,,,,,,,,,,,,,,,,,,
270,sony,mdrrf912rk,,,,,,,,,,,,,,,,,,,,,,,,,,,,,,,,,,
271,sony,whch700n,,,,,,,,,,,,,,,,,,,,,,,,,,,,,,,,,,
272,sony,mdrw08l,,,,,,,,,,,,,,,,,,,,,,,,,,,,,,,,,,
273,sennheiser,pmx100,,,,,,,,,,,,,,,,,,,,,,,,,,,,,,,,,,
274,sony,mdrzx110ap,,,,,,,,,,,,,,,,,,,,,,,,,,,,,,,,,,
275,sony,ierm7,,,,,,,,,,,,,,,,,,,,,,,,,,,,,,,,,,
276,sony,mdrxb70ap,,,,,,,,,,,,,,,,,,,,,,,,,,,,,,,,,,
277,sennheiser,set830,,,,,,,,,,,,,,,,,,,,,,,,,,,,,,,,,,
278,sennheiser,cx680,,,,,,,,,,,,,,,,,,,,,,,,,,,,,,,,,,
279,sony,mdrxd150,,,,,,,,,,,,,,,,,,,,,,,,,,,,,,,,,,
280,sennheiser,cx300s,,,,,,,,,,,,,,,,,,,,,,,,,,,,,,,,,,
281,sennheiser,hd820,,,,,,,,,,,,,,,,,,,,,,,,,,,,,,,,,,
282,sennheiser,hd660s,,,,,,,,,,,,,,,,,,,,,,,,,,,,,,,,,,
283,sennheiser,ie400pro,,,,,,,,,,,,,,,,,,,,,,,,,,,,,,,,,,
284,sennheiser,rr840,,,,,,,,,,,,,,,,,,,,,,,,,,,,,,,,,,
285,sony,srfs84,,,,,,,,,,,,,,,,,,,,,,,,,,,,,,,,,,
286,sennheiser,pmx686i,,,,,,,,,,,,,,,,,,,,,,,,,,,,,,,,,,
287,sennheiser,hd580,,,,,,,,,,,,,,,,,,,,,,,,,,,,,,,,,,
288,sony,wic200,,,,,,,,,,,,,,,,,,,,,,,,,,,,,,,,,,
289,sony,mdrex300lp,,,,,,,,,,,,,,,,,,,,,,,,,,,,,,,,,,
290,sony,drex14vp,,,,,,,,,,,,,,,,,,,,,,,,,,,,,,,,,,
291,sony,wf1000xm3,,,,,,,,,,,,,,,,,,,,,,,,,,,,,,,,,,
292,sennheiser,cx100,,,,,,,,,,,,,,,,,,,,,,,,,,,,,,,,,,
293,sennheiser,hd800,,,,,,,,,,,,,,,,,,,,,,,,,,,,,,,,,,
294,sony,xb950b1,,,,,,,,,,,,,,,,,,,,,,,,,,,,,,,,,,
295,sennheiser,cx870,,,,,,,,,,,,,,,,,,,,,,,,,,,,,,,,,,
296,sony,mhex300ap,,,,,,,,,,,,,,,,,,,,,,,,,,,,,,,,,,
297,sony,mdrex81lp,,,,,,,,,,,,,,,,,,,,,,,,,,,,,,,,,,
298,sennheiser,pmx684i,,,,,,,,,,,,,,,,,,,,,,,,,,,,,,,,,,
299,sony,mdras800ap,,,,,,,,,,,,,,,,,,,,,,,,,,,,,,,,,,
300,sennheiser,hmd25,,,,,,,,,,,,,,,,,,,,,,,,,,,,,,,,,,
301,sony,mdr1am2,,,,,,,,,,,,,,,,,,,,,,,,,,,,,,,,,,
302,sony,mdrex57lp,,,,,,,,,,,,,,,,,,,,,,,,,,,,,,,,,,
303,sennheiser,hd212,,,,,,,,,,,,,,,,,,,,,,,,,,,,,,,,,,
304,sony,wfsp700n,,,,,,,,,,,,,,,,,,,,,,,,,,,,,,,,,,
305,sony,mdrex110ap,,,,,,,,,,,,,,,,,,,,,,,,,,,,,,,,,,
306,sony,mdrnx1,,,,,,,,,,,,,,,,,,,,,,,,,,,,,,,,,,
307,sony,mdrj10,,,,,,,,,,,,,,,,,,,,,,,,,,,,,,,,,,
308,sony,sbh56,,,,,,,,,,,,,,,,,,,,,,,,,,,,,,,,,,
309,sennheiser,cx500,,,,,,,,,,,,,,,,,,,,,,,,,,,,,,,,,,
310,sony,mdrq68lw,,,,,,,,,,,,,,,,,,,,,,,,,,,,,,,,,,
311,sennheiser,cx400,,,,,,,,,,,,,,,,,,,,,,,,,,,,,,,,,,
312,sony,mdras600bt,,,,,,,,,,,,,,,,,,,,,,,,,,,,,,,,,,
313,sennheiser,hme25,,,,,,,,,,,,,,,,,,,,,,,,,,,,,,,,,,
314,sony,sbh54,,,,,,,,,,,,,,,,,,,,,,,,,,,,,,,,,,
315,sennheiser,hdi830,,,,,,,,,,,,,,,,,,,,,,,,,,,,,,,,,,
316,sony,wic600n,,,,,,,,,,,,,,,,,,,,,,,,,,,,,,,,,,
317,sony,mdras40ex,,,,,,,,,,,,,,,,,,,,,,,,,,,,,,,,,,
318,sennheiser,mx80,,,,,,,,,,,,,,,,,,,,,,,,,,,,,,,,,,
319,sony,whch500,,,,,,,,,,,,,,,,,,,,,,,,,,,,,,,,,,
320,sony,mh1c,,,,,,,,,,,,,,,,,,,,,,,,,,,,,,,,,,
321,sennheiser,hd6xx,,,,,,,,,,,,,,,,,,,,,,,,,,,,,,,,,,
322,sennheiser,hd200pro,,,,,,,,,,,,,,,,,,,,,,,,,,,,,,,,,,
323,sony,mdrzx310,,,,,,,,,,,,,,,,,,,,,,,,,,,,,,,,,,
324,sennheiser,ri900,,,,,,,,,,,,,,,,,,,,,,,,,,,,,,,,,,
